0.0000e+00,0.0000e+00,0.0000e+00,0.0000e+00,0.0000e+00,0.0000e+00,0.0000e+00,0.0000e+00,0.0000e+00,0.0000e+00,0.0000e+00,0.0000e+00,0.0000e+00,0.0000e+00,0.0000e+00,0.0000e+00,0.0000e+00,0.0000e+00,0.0000e+00,0.0000e+00,0.0000e+00,0.0000e+00,0.0000e+00,0.0000e+00,0.0000e+00,0.0000e+00,0.0000e+00,0.0000e+00,0.0000e+00,0.0000e+00,0.0000e+00,0.0000e+00,0.0000e+00,0.0000e+00,0.0000e+00,0.0000e+00,0.0000e+00,0.0000e+00,0.0000e+00,0.0000e+00
-7.8857e-03,-3.5766e-03,-3.1526e-03,-1.5393e-03,-1.6100e-03,-2.2867e-03,-1.5601e-03,-1.6370e-03,-1.6041e-03,-1.3685e-03,-1.0577e-03,-1.0611e-03,-1.1626e-03,-1.1937e-03,-9.4630e-04,-1.4884e-03,-1.6780e-03,-1.2886e-03,-1.5421e-03,-9.2306e-04,-8.0887e-04,-1.1488e-03,-1.1823e-03,-9.8921e-04,-1.6214e-03,-1.2349e-03,-1.4664e-03,-1.5259e-03,-1.0745e-03,-1.5766e-03,-9.0775e-04,-1.5927e-03,-1.7500e-03,-2.4187e-03,-1.4700e-03,-1.1081e-03,-1.7501e-03,-2.4791e-03,-2.3933e-03,-2.8118e-03
-1.4270e-02,-6.7604e-03,-5.8733e-03,-3.0994e-03,-3.3745e-03,-4.7103e-03,-2.9598e-03,-3.5106e-03,-3.2795e-03,-2.8235e-03,-2.2872e-03,-2.2429e-03,-2.3409e-03,-2.5142e-03,-1.7895e-03,-2.9955e-03,-3.4558e-03,-2.6574e-03,-3.1455e-03,-1.8284e-03,-1.5919e-03,-2.0915e-03,-2.5232e-03,-1.8108e-03,-3.3197e-03,-2.3485e-03,-2.7964e-03,-2.9461e-03,-2.0946e-03,-3.0921e-03,-1.8053e-03,-3.1001e-03,-3.2562e-03,-4.7588e-03,-2.6904e-03,-2.1453e-03,-3.2150e-03,-4.7137e-03,-4.6422e-03,-5.1769e-03
-1.8972e-02,-9.4258e-03,-8.2054e-03,-4.6457e-03,-5.2809e-03,-7.2061e-03,-4.3919e-03,-5.5617e-03,-5.0762e-03,-4.4403e-03,-3.5851e-03,-3.5474e-03,-3.5301e-03,-3.9499e-03,-2.4827e-03,-4.5033e-03,-5.2634e-03,-3.9971e-03,-4.9139e-03,-2.6939e-03,-2.3233e-03,-2.8859e-03,-3.8682e-03,-2.4241e-03,-5.0858e-03,-3.1897e-03,-4.0110e-03,-4.1705e-03,-3.0396e-03,-4.5462e-03,-2.7903e-03,-4.4110e-03,-4.6151e-03,-7.0024e-03,-3.8068e-03,-3.2461e-03,-4.3517e-03,-6.7606e-03,-6.8723e-03,-7.2102e-03
-2.1151e-02,-1.1461e-02,-1.0204e-02,-6.0271e-03,-7.1729e-03,-9.6201e-03,-5.8066e-03,-7.6589e-03,-6.9583e-03,-6.1601e-03,-4.9029e-03,-5.0769e-03,-4.6150e-03,-5.4238e-03,-2.9420e-03,-5.9221e-03,-6.8724e-03,-5.1785e-03,-6.6534e-03,-3.6701e-03,-2.8981e-03,-3.5652e-03,-5.2043e-03,-2.8449e-03,-6.9166e-03,-3.7587e-03,-5.2806e-03,-5.1740e-03,-3.9192e-03,-5.7911e-03,-3.9327e-03,-5.2643e-03,-5.7695e-03,-9.1041e-03,-4.8276e-03,-4.0709e-03,-4.9818e-03,-8.5717e-03,-9.0051e-03,-8.8217e-03
-1.9756e-02,-1.2577e-02,-1.1594e-02,-6.9288e-03,-8.6553e-03,-1.1896e-02,-7.1546e-03,-9.8178e-03,-8.7616e-03,-7.6564e-03,-6.0726e-03,-6.7650e-03,-5.5752e-03,-6.8440e-03,-3.1898e-03,-7.1087e-03,-8.2498e-03,-6.1212e-03,-8.2877e-03,-4.4186e-03,-3.1905e-03,-4.1141e-03,-6.3005e-03,-2.9830e-03,-8.9680e-03,-4.1185e-03,-6.4146e-03,-5.8112e-03,-4.7240e-03,-6.9456e-03,-5.0858e-03,-5.7379e-03,-6.6246e-03,-1.1038e-02,-5.7288e-03,-4.5187e-03,-4.7337e-03,-1.0346e-02,-1.0855e-02,-9.6948e-03
-1.3460e-02,-1.2258e-02,-1.2326e-02,-7.1869e-03,-9.8357e-03,-1.3632e-02,-8.4807e-03,-1.1989e-02,-1.0478e-02,-8.9351e-03,-6.9894e-03,-8.3036e-03,-6.0019e-03,-7.7119e-03,-3.2021e-03,-7.9859e-03,-9.4646e-03,-6.9163e-03,-1.0084e-02,-4.5795e-03,-3.0809e-03,-4.2447e-03,-7.2058e-03,-2.9149e-03,-1.1332e-02,-4.4046e-03,-7.1605e-03,-6.3830e-03,-5.2224e-03,-7.4677e-03,-6.3482e-03,-5.5343e-03,-6.9863e-03,-1.3037e-02,-6.2782e-03,-4.2924e-03,-4.0273e-03,-1.1853e-02,-1.2284e-02,-9.8811e-03
-5.2847e-03,-1.0108e-02,-1.2428e-02,-6.5605e-03,-1.0124e-02,-1.3827e-02,-8.8444e-03,-1.3271e-02,-1.1401e-02,-9.3053e-03,-6.8445e-03,-8.9498e-03,-5.2505e-03,-7.9449e-03,-1.7812e-03,-7.6173e-03,-1.0282e-02,-6.9100e-03,-1.0951e-02,-3.5533e-03,-2.2721e-03,-3.2856e-03,-7.6547e-03,-1.4514e-03,-1.3370e-02,-4.0133e-03,-6.9982e-03,-6.5359e-03,-5.7047e-03,-7.9200e-03,-7.3140e-03,-5.3803e-03,-6.0242e-03,-1.4299e-02,-6.7664e-03,-3.2291e-03,-2.3913e-03,-1.3409e-02,-1.2643e-02,-8.6370e-03
-1.5931e-03,-6.7254e-03,-1.0538e-02,-4.8513e-03,-8.1456e-03,-1.1567e-02,-6.8614e-03,-1.1523e-02,-9.9171e-03,-7.0551e-03,-3.5129e-03,-6.2938e-03,-1.5774e-03,-5.0430e-03,2.6026e-03,-4.7589e-03,-9.0473e-03,-4.0852e-03,-9.2907e-03,-2.6122e-04,4.3398e-04,-8.7522e-05,-7.1400e-03,1.7387e-03,-1.3893e-02,-1.1422e-03,-6.1208e-03,-5.3669e-03,-5.3664e-03,-6.7197e-03,-7.4765e-03,-4.6803e-03,-3.5792e-03,-1.4026e-02,-6.4152e-03,-5.9301e-04,5.9946e-04,-1.3000e-02,-1.2814e-02,-6.4206e-03
1.0840e-03,-5.3828e-03,-9.1100e-03,-2.1493e-03,-5.0620e-03,-9.3841e-03,-3.2923e-03,-9.8087e-03,-6.8880e-03,-2.8826e-03,1.1512e-03,-3.2047e-03,8.8035e-04,-2.2502e-03,6.7987e-03,-3.1274e-03,-7.8255e-03,-1.5266e-03,-9.3875e-03,3.8753e-03,2.3125e-03,1.6762e-03,-6.0807e-03,3.0508e-03,-1.3844e-02,9.1510e-04,-5.9133e-03,-4.3199e-03,-4.9359e-03,-5.0036e-03,-6.5000e-03,-9.1179e-04,3.8394e-04,-1.3325e-02,-3.9298e-03,3.5322e-03,4.1466e-03,-1.2534e-02,-9.0150e-03,-3.2305e-03
4.6368e-04,-4.7129e-03,-9.5276e-03,-1.2080e-03,-3.9661e-03,-1.0470e-02,-2.3058e-03,-1.1784e-02,-7.6913e-03,-2.8002e-03,2.9038e-03,-3.0057e-03,-1.1243e-04,-2.2932e-03,8.4253e-03,-4.6529e-03,-1.0229e-02,-1.1380e-03,-1.0948e-02,4.8613e-03,2.6272e-03,2.8381e-03,-6.0123e-03,3.7202e-03,-1.3709e-02,1.6061e-03,-5.5686e-03,-3.1022e-03,-5.7431e-03,-5.7129e-03,-7.9411e-03,-6.0937e-04,1.4417e-03,-1.5375e-02,-4.2931e-03,4.7454e-03,6.1672e-03,-1.2474e-02,-7.0654e-03,-1.2601e-03
-6.6474e-04,-5.8163e-03,-1.0847e-02,-2.3812e-05,-3.7587e-03,-1.2866e-02,-3.2946e-03,-1.2987e-02,-8.3149e-03,-2.1994e-03,4.3119e-03,-3.1963e-03,-2.1806e-04,-2.1758e-03,1.0334e-02,-5.3896e-03,-1.2236e-02,-9.1696e-04,-1.2171e-02,7.0510e-03,3.0862e-03,2.6462e-03,-5.2224e-03,3.5816e-03,-1.3579e-02,2.7926e-03,-6.2935e-03,-1.6451e-03,-6.9378e-03,-4.8156e-03,-9.5434e-03,-5.8436e-04,1.4734e-03,-1.6367e-02,-3.4809e-03,7.3029e-03,6.2760e-03,-1.3370e-02,-7.7452e-03,-8.4650e-04
2.7726e-05,-5.3084e-03,-1.1557e-02,4.2031e-04,-2.2297e-03,-1.4490e-02,-3.2179e-03,-1.4085e-02,-8.5051e-03,-1.3557e-03,6.1347e-03,-3.7761e-03,-5.0375e-04,-2.3111e-03,1.0932e-02,-6.5259e-03,-1.4176e-02,-8.5742e-04,-1.3448e-02,7.0664e-03,2.3682e-03,3.7530e-03,-4.6005e-03,4.1974e-03,-1.3923e-02,3.5751e-03,-7.1667e-03,3.8881e-05,-8.1476e-03,-4.6111e-03,-1.1336e-02,-9.1495e-04,8.5713e-04,-1.8568e-02,-4.2445e-03,7.1450e-03,8.3212e-03,-1.4535e-02,-4.7736e-03,-7.4807e-04
-8.6054e-04,-4.6331e-03,-1.1950e-02,-1.3558e-03,-2.1271e-04,-1.5976e-02,-4.2867e-03,-1.4443e-02,-8.7180e-03,-3.6098e-04,7.5727e-03,-3.8652e-03,2.2178e-04,-2.6861e-03,1.1660e-02,-6.8857e-03,-1.5056e-02,-1.4569e-03,-1.6356e-02,6.7035e-03,1.2338e-03,4.1947e-03,-4.2040e-03,5.4790e-03,-1.3932e-02,5.2775e-03,-8.6494e-03,1.9394e-03,-8.3627e-03,-3.0774e-03,-1.3435e-02,6.2704e-04,-3.6182e-04,-1.9265e-02,-4.4216e-03,8.2270e-03,9.2699e-03,-1.4641e-02,-5.4939e-03,1.6758e-04
-2.3609e-03,-4.8462e-03,-1.3539e-02,-1.3571e-03,1.3427e-03,-1.6766e-02,-5.2519e-03,-1.5282e-02,-8.3959e-03,1.5834e-03,9.2486e-03,-4.5995e-03,4.2716e-04,-3.0593e-03,1.2205e-02,-7.2195e-03,-1.5476e-02,-1.9842e-03,-1.9215e-02,4.3995e-03,-1.0503e-03,6.0520e-03,-3.0999e-03,7.0089e-03,-1.4179e-02,6.9069e-03,-9.0082e-03,3.7823e-03,-8.5177e-03,-1.0333e-03,-1.5037e-02,2.0476e-03,-1.6001e-03,-1.9922e-02,-6.7526e-03,8.2079e-03,9.5413e-03,-1.5351e-02,-3.9141e-03,1.8972e-03
-6.0264e-03,-4.2826e-03,-1.4268e-02,-3.2905e-04,1.7959e-03,-1.7008e-02,-6.0287e-03,-1.5919e-02,-7.7594e-03,2.2077e-03,9.4094e-03,-5.0753e-03,1.1787e-04,-3.5605e-03,1.3071e-02,-7.3546e-03,-1.5849e-02,-3.0027e-03,-2.2451e-02,2.8420e-03,-3.8623e-03,7.8450e-03,-2.4645e-03,8.4070e-03,-1.3875e-02,7.5805e-03,-9.4425e-03,4.9674e-03,-8.8092e-03,1.7061e-03,-1.7467e-02,4.8372e-03,-2.8628e-03,-1.9717e-02,-7.3127e-03,8.3776e-03,8.2148e-03,-1.6245e-02,-4.3948e-03,3.4996e-03
-5.1092e-03,-3.8062e-03,-1.4780e-02,1.2888e-03,1.4771e-03,-1.8249e-02,-8.0900e-03,-1.6316e-02,-6.9232e-03,1.8297e-03,8.2463e-03,-5.0955e-03,-1.4546e-03,-4.8455e-03,1.2601e-02,-7.4424e-03,-1.7096e-02,-4.4191e-03,-2.5516e-02,4.0654e-04,-6.1277e-03,9.6762e-03,-2.3348e-03,9.7208e-03,-1.2683e-02,7.8758e-03,-8.8546e-03,5.2854e-03,-8.3645e-03,3.4929e-03,-1.7916e-02,6.3990e-03,-4.0521e-03,-2.0068e-02,-9.1481e-03,8.2484e-03,7.0000e-03,-1.7533e-02,-3.6851e-03,3.5124e-03
-6.4574e-03,-3.0383e-03,-1.4812e-02,5.9693e-06,2.1431e-03,-1.7980e-02,-1.0089e-02,-1.6232e-02,-6.0864e-03,1.0232e-04,6.4703e-03,-5.1792e-03,-3.2196e-03,-5.9877e-03,1.0830e-02,-7.4668e-03,-1.7776e-02,-5.7383e-03,-2.8400e-02,-2.1934e-03,-7.9430e-03,9.3285e-03,-3.3908e-03,9.4062e-03,-1.0781e-02,7.5035e-03,-8.3964e-03,4.7832e-03,-8.3072e-03,4.6268e-03,-1.8336e-02,8.4324e-03,-4.4214e-03,-1.9295e-02,-9.4756e-03,9.6889e-03,6.2087e-03,-1.7832e-02,-4.0586e-03,4.0522e-03
-7.1335e-03,-2.6176e-03,-1.6583e-02,-1.9286e-03,1.4534e-03,-1.7032e-02,-1.0729e-02,-1.5424e-02,-5.3687e-03,-1.6350e-03,4.1940e-03,-6.1360e-03,-4.9945e-03,-6.2194e-03,7.9317e-03,-7.0553e-03,-1.8934e-02,-6.8174e-03,-3.0358e-02,-4.0617e-03,-8.7206e-03,7.7438e-03,-3.3544e-03,8.3869e-03,-1.0802e-02,5.4261e-03,-7.7706e-03,2.8404e-03,-7.2211e-03,5.0842e-03,-1.7038e-02,9.5644e-03,-5.2803e-03,-1.8068e-02,-1.0430e-02,1.1254e-02,7.5533e-03,-1.9984e-02,-3.5056e-03,2.6989e-03
-6.0468e-03,-2.0999e-03,-1.5341e-02,-4.1559e-03,1.4738e-03,-1.3350e-02,-1.1031e-02,-1.3851e-02,-4.9637e-03,-3.7022e-03,2.4769e-03,-6.5856e-03,-6.7670e-03,-5.9917e-03,4.1146e-03,-6.0281e-03,-1.9242e-02,-7.1142e-03,-3.1301e-02,-5.8950e-03,-1.0266e-02,4.8796e-03,-2.7047e-03,7.5372e-03,-1.1190e-02,2.6773e-03,-8.3367e-03,8.7786e-04,-7.0522e-03,5.7423e-03,-1.5261e-02,1.2089e-02,-6.5198e-03,-1.5453e-02,-1.1199e-02,1.1373e-02,9.1375e-03,-2.0515e-02,-3.7285e-03,4.1808e-04
-1.9228e-03,-2.7318e-03,-1.3499e-02,-6.0429e-03,4.8577e-04,-9.9578e-03,-1.0872e-02,-1.2542e-02,-5.3664e-03,-5.1877e-03,9.9436e-04,-7.3933e-03,-8.5706e-03,-7.1966e-03,1.0292e-03,-5.9266e-03,-1.9066e-02,-7.4587e-03,-3.1487e-02,-7.0952e-03,-1.1134e-02,5.4336e-04,-1.3319e-03,6.1213e-03,-1.1927e-02,-5.3864e-05,-9.2165e-03,-6.6313e-04,-7.7849e-03,6.0315e-03,-1.3587e-02,1.3745e-02,-8.8774e-03,-1.3455e-02,-1.2014e-02,1.1318e-02,8.8152e-03,-2.1855e-02,-2.4430e-03,-8.6352e-04
-2.1593e-03,-3.2187e-03,-1.3025e-02,-8.0002e-03,-9.7560e-04,-6.6093e-03,-1.1162e-02,-1.1764e-02,-6.6407e-03,-5.1613e-03,-9.5403e-04,-7.1821e-03,-1.0220e-02,-7.1244e-03,-1.1680e-03,-7.3472e-03,-1.8643e-02,-7.8889e-03,-3.0646e-02,-8.1573e-03,-1.2001e-02,-2.2998e-03,-1.1339e-03,5.3582e-03,-1.2822e-02,-1.7248e-03,-1.0111e-02,-2.4839e-03,-9.0939e-03,5.5191e-03,-1.1473e-02,1.3630e-02,-1.1583e-02,-1.0800e-02,-1.2051e-02,8.8385e-03,6.5964e-03,-1.9671e-02,-9.1481e-04,-2.4854e-03
-4.7727e-03,-2.8258e-03,-1.3500e-02,-7.7706e-03,-2.3469e-05,-4.2245e-03,-1.0305e-02,-1.0877e-02,-7.6224e-03,-4.1426e-03,-1.7184e-03,-6.4755e-03,-1.2401e-02,-7.5829e-03,-3.7676e-03,-9.7309e-03,-1.9152e-02,-8.1440e-03,-3.0173e-02,-7.8720e-03,-1.2339e-02,-4.1270e-03,-2.1002e-03,4.0795e-03,-1.2998e-02,-3.5617e-03,-1.1315e-02,-3.4985e-03,-1.0443e-02,4.5304e-03,-9.8955e-03,1.1726e-02,-1.3995e-02,-9.6233e-03,-1.1652e-02,6.2751e-03,3.0961e-03,-1.9377e-02,5.9750e-04,-3.9020e-03
-6.9137e-03,-1.7621e-03,-1.3658e-02,-7.3197e-03,8.5750e-05,-1.5198e-03,-1.0781e-02,-1.1382e-02,-8.4046e-03,-5.3459e-03,-1.2864e-03,-5.5865e-03,-1.5764e-02,-8.6507e-03,-8.3807e-03,-1.0598e-02,-1.9089e-02,-8.9212e-03,-3.0182e-02,-6.2207e-03,-1.2288e-02,-3.9993e-03,-3.5993e-03,2.8151e-03,-1.3469e-02,-4.5844e-03,-1.2043e-02,-4.5688e-03,-1.0651e-02,3.2846e-03,-6.4704e-03,9.0469e-03,-1.5332e-02,-8.3427e-03,-1.1841e-02,3.9544e-03,5.7988e-05,-1.7439e-02,2.1822e-03,-4.2472e-03
-8.3815e-03,-1.0704e-03,-1.2646e-02,-7.3211e-03,-6.0929e-04,2.3458e-03,-1.0869e-02,-1.1094e-02,-8.2697e-03,-6.5595e-03,-1.0477e-03,-4.3918e-03,-1.8817e-02,-1.0023e-02,-1.3338e-02,-1.0795e-02,-1.8989e-02,-8.9690e-03,-3.1293e-02,-5.4292e-03,-1.1723e-02,-5.0069e-03,-4.2359e-03,1.4667e-03,-1.4320e-02,-4.6529e-03,-1.1616e-02,-6.0060e-03,-1.0324e-02,2.1461e-03,-2.6172e-03,5.8993e-03,-1.5137e-02,-7.4823e-03,-1.1352e-02,2.0283e-03,-2.7188e-03,-1.3823e-02,3.0549e-03,-5.2955e-03
-1.1076e-02,-2.1768e-03,-1.0697e-02,-6.0376e-03,-4.7119e-04,7.8337e-03,-1.2162e-02,-1.0806e-02,-8.0084e-03,-8.7828e-03,-9.2430e-04,-4.8096e-03,-2.0470e-02,-1.0032e-02,-1.7040e-02,-1.1230e-02,-1.8481e-02,-8.7701e-03,-3.2104e-02,-3.0469e-03,-8.9531e-03,-6.8095e-03,-3.8701e-03,-8.9743e-04,-1.6745e-02,-5.2529e-03,-1.1185e-02,-8.4220e-03,-1.0532e-02,1.7220e-03,-5.0382e-04,1.3285e-03,-1.5022e-02,-6.4376e-03,-1.0940e-02,-4.9967e-04,-3.5111e-03,-1.1769e-02,4.0540e-03,-4.8395e-03
-1.3585e-02,-2.3213e-03,-8.7811e-03,-5.0963e-03,-4.1865e-04,1.0287e-02,-1.2679e-02,-9.9616e-03,-5.8389e-03,-9.4282e-03,-1.9827e-03,-5.0483e-03,-2.0741e-02,-9.5274e-03,-1.8486e-02,-1.2507e-02,-1.7352e-02,-8.9754e-03,-3.2353e-02,-1.2268e-03,-6.4219e-03,-9.5573e-03,-3.3850e-03,-4.5784e-03,-1.8704e-02,-5.9908e-03,-1.0840e-02,-1.0576e-02,-9.4924e-03,-1.8282e-03,4.3138e-04,-2.3041e-03,-1.4712e-02,-6.4555e-03,-9.0382e-03,-3.4628e-03,-5.5103e-03,-9.6888e-03,4.9596e-03,-5.5927e-03
-1.4531e-02,-3.4627e-03,-1.0707e-02,-5.7665e-03,-1.2524e-03,1.0620e-02,-1.3532e-02,-9.3533e-03,-4.2656e-03,-1.0867e-02,-3.5690e-03,-6.7616e-03,-2.0775e-02,-9.9559e-03,-1.9416e-02,-1.4307e-02,-1.6306e-02,-9.8880e-03,-3.1880e-02,5.6603e-05,-3.7626e-03,-1.3215e-02,-2.0620e-03,-8.7251e-03,-1.9427e-02,-7.6937e-03,-1.0542e-02,-1.4059e-02,-8.0200e-03,-4.7359e-03,8.4456e-04,-6.0388e-03,-1.2276e-02,-7.2407e-03,-7.8994e-03,-7.3568e-03,-6.8772e-03,-9.0842e-03,5.7185e-03,-7.8043e-03
-1.8224e-02,-7.5083e-03,-1.3564e-02,-6.2142e-03,-2.1288e-03,1.1127e-02,-1.5315e-02,-1.1010e-02,-4.3373e-03,-1.1356e-02,-5.4963e-03,-8.6546e-03,-2.0582e-02,-9.2744e-03,-1.9829e-02,-1.6432e-02,-1.4804e-02,-1.0482e-02,-2.9332e-02,1.0052e-03,3.2478e-04,-1.5365e-02,-1.4976e-03,-1.2473e-02,-1.9019e-02,-1.0322e-02,-9.2284e-03,-1.6953e-02,-7.4199e-03,-7.1097e-03,1.4821e-03,-9.7683e-03,-1.1543e-02,-8.6916e-03,-7.0538e-03,-1.2488e-02,-9.3873e-03,-8.2128e-03,5.7088e-03,-8.6040e-03
-2.1268e-02,-1.0176e-02,-1.8767e-02,-6.8711e-03,-3.9447e-03,1.0636e-02,-1.5890e-02,-1.0280e-02,-5.2357e-03,-1.1777e-02,-7.2642e-03,-1.0566e-02,-2.0015e-02,-8.2432e-03,-1.9730e-02,-1.7926e-02,-1.4073e-02,-1.0969e-02,-2.5913e-02,2.4269e-03,3.4693e-03,-1.6858e-02,-7.8181e-04,-1.5299e-02,-1.9397e-02,-1.2992e-02,-7.7505e-03,-1.9189e-02,-6.9284e-03,-1.0225e-02,1.1266e-03,-1.3406e-02,-9.8364e-03,-9.7652e-03,-6.6047e-03,-1.7584e-02,-1.0543e-02,-8.4501e-03,7.0189e-03,-1.0380e-02
-2.6718e-02,-1.1608e-02,-2.1185e-02,-7.1140e-03,-6.8816e-03,9.3167e-03,-1.6019e-02,-9.8405e-03,-4.8558e-03,-1.3023e-02,-8.1950e-03,-1.1317e-02,-2.0000e-02,-8.1522e-03,-2.0109e-02,-1.8048e-02,-1.2377e-02,-1.1338e-02,-2.1859e-02,4.8183e-03,4.5584e-03,-1.6495e-02,-3.3862e-04,-1.7035e-02,-2.0694e-02,-1.5389e-02,-7.4503e-03,-2.1518e-02,-7.8038e-03,-1.3613e-02,-5.4885e-04,-1.6834e-02,-8.5855e-03,-1.1021e-02,-5.6510e-03,-2.2828e-02,-1.2782e-02,-9.5461e-03,7.5318e-03,-9.5944e-03
-2.7535e-02,-1.4936e-02,-2.5679e-02,-7.6660e-03,-8.5185e-03,6.9015e-03,-1.6503e-02,-9.0347e-03,-6.2503e-03,-1.3219e-02,-9.2989e-03,-1.2446e-02,-2.0310e-02,-7.2063e-03,-2.0533e-02,-1.8668e-02,-1.1242e-02,-1.2262e-02,-1.8623e-02,6.4400e-03,5.9523e-03,-1.4247e-02,-1.6371e-03,-1.8652e-02,-2.2684e-02,-1.6629e-02,-7.0864e-03,-2.3562e-02,-9.7676e-03,-1.6281e-02,-2.2431e-03,-2.0347e-02,-8.1066e-03,-1.1317e-02,-2.5897e-03,-2.5155e-02,-1.4246e-02,-9.5106e-03,8.5565e-03,-8.8267e-03
-2.8887e-02,-2.0577e-02,-2.6905e-02,-9.6540e-03,-8.6144e-03,5.3377e-03,-1.5585e-02,-8.0182e-03,-7.0207e-03,-1.3596e-02,-9.3347e-03,-1.2142e-02,-1.9293e-02,-6.8517e-03,-2.0562e-02,-1.8216e-02,-8.4814e-03,-1.3064e-02,-1.5557e-02,8.0343e-03,6.9704e-03,-1.2181e-02,-3.1139e-03,-1.8451e-02,-2.4446e-02,-1.6072e-02,-7.0425e-03,-2.5258e-02,-1.1229e-02,-2.0067e-02,-2.9813e-03,-2.4491e-02,-8.0298e-03,-1.1396e-02,1.4556e-04,-2.6744e-02,-1.5280e-02,-1.0071e-02,1.0147e-02,-9.0157e-03
-2.9245e-02,-2.4384e-02,-2.7634e-02,-1.0289e-02,-7.6672e-03,4.2003e-03,-1.3635e-02,-6.3933e-03,-8.8739e-03,-1.3247e-02,-9.9994e-03,-1.1776e-02,-1.8438e-02,-7.7581e-03,-2.0910e-02,-1.7702e-02,-6.4959e-03,-1.3500e-02,-1.1980e-02,8.6869e-03,6.7228e-03,-9.4636e-03,-2.7521e-03,-1.9371e-02,-2.5996e-02,-1.7475e-02,-8.4271e-03,-2.5266e-02,-1.3340e-02,-2.1534e-02,-4.4100e-03,-2.8937e-02,-9.1705e-03,-1.3948e-02,3.0897e-03,-2.9340e-02,-1.4475e-02,-9.7573e-03,9.4975e-03,-1.0178e-02
-2.5499e-02,-2.5573e-02,-2.9060e-02,-1.0932e-02,-6.3171e-03,4.0069e-03,-1.1189e-02,-2.3687e-03,-8.9989e-03,-1.3197e-02,-1.1103e-02,-1.0778e-02,-1.8777e-02,-7.5817e-03,-2.0941e-02,-1.6036e-02,-5.2206e-03,-1.3917e-02,-9.1350e-03,8.6023e-03,5.8915e-03,-6.6345e-03,-2.4455e-03,-1.8569e-02,-2.5876e-02,-1.6729e-02,-8.3723e-03,-2.5895e-02,-1.5671e-02,-2.3637e-02,-5.6822e-03,-3.1810e-02,-1.0288e-02,-1.6080e-02,5.0490e-03,-2.9253e-02,-1.4605e-02,-1.1050e-02,9.1853e-03,-1.2642e-02
-2.0484e-02,-2.5059e-02,-2.9796e-02,-1.1042e-02,-4.1957e-03,3.4720e-03,-9.5900e-03,1.3773e-03,-9.5697e-03,-1.2412e-02,-1.1846e-02,-1.0498e-02,-1.8079e-02,-6.5560e-03,-2.1114e-02,-1.2667e-02,-3.8635e-03,-1.3058e-02,-5.8275e-03,8.1936e-03,4.9398e-03,-4.7208e-03,-3.0213e-03,-1.8017e-02,-2.5581e-02,-1.5746e-02,-7.9396e-03,-2.4036e-02,-1.7751e-02,-2.3310e-02,-7.7882e-03,-3.5506e-02,-1.0145e-02,-1.7347e-02,6.0962e-03,-3.0068e-02,-1.4175e-02,-1.1671e-02,8.3642e-03,-1.4313e-02
-1.3029e-02,-2.0669e-02,-2.4226e-02,-9.8235e-03,-2.4973e-03,3.2728e-03,-8.0689e-03,3.4320e-03,-9.1159e-03,-1.1465e-02,-1.0955e-02,-8.3035e-03,-1.7426e-02,-4.7778e-03,-2.0851e-02,-1.0255e-02,-2.3358e-03,-1.2326e-02,-4.6102e-03,6.2682e-03,3.5766e-03,-2.3392e-03,-3.9790e-03,-1.7374e-02,-2.3651e-02,-1.3932e-02,-9.5139e-03,-2.2224e-02,-1.8128e-02,-2.2677e-02,-8.9646e-03,-3.7257e-02,-1.0256e-02,-1.8699e-02,6.6228e-03,-2.8159e-02,-1.3779e-02,-1.4022e-02,7.3585e-03,-1.3538e-02
-1.4486e-02,-1.6255e-02,-2.0819e-02,-8.2121e-03,-3.8181e-03,3.1219e-03,-5.7476e-03,4.2277e-03,-9.1980e-03,-1.0511e-02,-9.4927e-03,-5.0575e-03,-1.4891e-02,-2.4549e-03,-2.1670e-02,-7.6677e-03,-2.4777e-03,-1.0421e-02,-3.0707e-03,4.5922e-03,2.4653e-03,6.5934e-04,-3.3449e-03,-1.6936e-02,-2.2808e-02,-1.1901e-02,-9.6634e-03,-1.8164e-02,-1.7599e-02,-1.9038e-02,-8.3019e-03,-3.7616e-02,-9.3876e-03,-1.7574e-02,8.0946e-03,-2.5409e-02,-1.2327e-02,-1.4190e-02,8.3147e-03,-1.2201e-02
-1.0314e-02,-1.3729e-02,-1.7196e-02,-5.3140e-03,-2.9320e-03,2.5394e-03,-4.1338e-03,5.7259e-03,-8.7402e-03,-7.6394e-03,-8.4164e-03,-1.6136e-03,-1.2509e-02,1.0861e-03,-2.1165e-02,-5.2694e-03,-4.0920e-03,-6.5342e-03,-1.8607e-03,3.8314e-03,-9.1100e-04,3.6821e-03,-3.1863e-03,-1.4612e-02,-2.1278e-02,-9.5713e-03,-1.0054e-02,-1.2848e-02,-1.6470e-02,-1.4702e-02,-6.4040e-03,-3.3397e-02,-8.4963e-03,-1.5425e-02,1.3507e-02,-2.2248e-02,-1.1389e-02,-1.2006e-02,7.6776e-03,-1.1479e-02
-9.9665e-03,-9.3809e-03,-1.2005e-02,-2.5289e-03,-4.9003e-04,3.1021e-03,-1.3250e-03,8.0588e-03,-7.0841e-03,-3.4429e-03,-7.8965e-03,1.2610e-03,-9.0344e-03,3.7735e-03,-1.9036e-02,-1.6457e-03,-5.0254e-03,-3.9238e-03,-1.2237e-03,3.9194e-03,-4.1733e-03,6.8561e-03,-3.0170e-03,-1.0315e-02,-1.8215e-02,-5.5930e-03,-8.1617e-03,-7.0152e-03,-1.2748e-02,-8.6677e-03,-5.1491e-03,-2.7071e-02,-9.9838e-03,-1.3638e-02,1.8895e-02,-1.7990e-02,-7.9939e-03,-1.0219e-02,9.6453e-03,-1.0238e-02
-9.4763e-03,-5.3499e-03,-8.0917e-03,-6.9246e-04,2.9485e-04,2.9049e-03,2.1635e-03,9.7070e-03,-4.9058e-03,-4.7394e-04,-6.9904e-03,4.9549e-03,-7.8014e-03,4.6667e-03,-1.6389e-02,1.5005e-03,-5.8128e-03,7.7683e-05,-1.9003e-03,3.3898e-03,-1.0133e-02,8.5767e-03,-2.2834e-03,-6.2939e-03,-1.4771e-02,-2.5298e-03,-5.7744e-03,-2.0518e-03,-9.8933e-03,-2.2006e-03,-3.0396e-03,-1.7722e-02,-8.8579e-03,-1.0985e-02,2.3880e-02,-1.5482e-02,-7.2683e-03,-8.1825e-03,9.9619e-03,-7.8054e-03
-8.6099e-03,-4.5256e-03,-6.2619e-03,-7.8431e-04,1.0796e-03,7.0291e-04,5.6114e-03,8.8301e-03,-3.5735e-03,1.3243e-04,-6.0790e-03,6.0917e-03,-7.4856e-03,3.3491e-03,-1.3318e-02,1.9125e-03,-6.2246e-03,2.4811e-03,-4.2424e-03,1.2921e-03,-1.8017e-02,1.0991e-02,-3.6023e-03,-2.1236e-03,-1.1673e-02,-5.7607e-04,-4.7425e-03,1.6887e-03,-8.5325e-03,3.7748e-03,-3.1973e-03,-8.6620e-03,-8.5981e-03,-9.7430e-03,2.9833e-02,-1.4828e-02,-6.4912e-03,-7.0996e-03,7.7488e-03,-3.4754e-03
-7.3833e-03,-4.4900e-04,-3.1786e-03,1.5325e-03,2.6399e-03,-2.7901e-03,9.0214e-03,7.1416e-03,-2.3251e-03,-1.0996e-03,-2.0625e-03,6.5740e-03,-6.0803e-03,2.0746e-03,-8.2996e-03,7.9885e-05,-5.1878e-03,2.8033e-03,-6.5557e-03,-1.7103e-04,-2.3052e-02,1.2278e-02,-3.9625e-03,2.9737e-04,-6.2226e-03,1.1539e-04,-2.5528e-03,4.7509e-03,-9.1573e-03,7.6941e-03,-4.2715e-03,4.8318e-04,-1.0155e-02,-1.0010e-02,3.3623e-02,-1.4327e-02,-7.1068e-03,-7.5521e-03,6.2370e-03,2.9795e-03
-1.7683e-03,2.9107e-03,-1.1207e-03,9.6172e-04,4.9208e-03,-5.8837e-03,1.1583e-02,4.3259e-03,4.1088e-05,-1.8257e-03,1.0673e-03,7.0758e-03,-3.3458e-03,2.2006e-03,-3.4194e-03,4.8264e-06,-2.8036e-03,3.5786e-03,-7.1554e-03,-1.2407e-03,-2.2734e-02,1.3135e-02,-5.6840e-03,3.0720e-03,-1.7878e-03,5.6616e-04,-9.3444e-04,6.1608e-03,-1.0769e-02,9.1913e-03,-7.4336e-03,6.2041e-03,-1.0214e-02,-1.1677e-02,3.4395e-02,-1.0571e-02,-7.9348e-03,-7.3835e-03,4.4250e-03,8.4667e-03
3.2798e-03,1.5344e-03,-1.4825e-03,-1.3792e-03,6.5972e-03,-8.4196e-03,1.0125e-02,-1.8826e-03,-1.2072e-03,-8.0450e-04,3.0737e-03,3.0878e-03,-7.3997e-04,3.8885e-03,1.7451e-03,-1.1705e-03,-9.9138e-04,3.1818e-03,-6.3931e-03,2.5114e-03,-1.7751e-02,1.0281e-02,-6.7346e-03,4.2293e-03,-5.0272e-04,9.6754e-04,-9.3649e-04,8.2262e-03,-1.3746e-02,1.0302e-02,-9.6043e-03,9.7071e-03,-1.0710e-02,-1.1156e-02,3.1827e-02,-4.9399e-03,-7.8115e-03,-4.6170e-03,3.3354e-03,1.3841e-02
5.3315e-03,-3.6013e-03,-2.9131e-03,-1.9389e-03,6.8685e-03,-8.0313e-03,3.0558e-03,-6.8050e-03,-1.8222e-03,1.6481e-03,5.6569e-03,-1.5680e-03,3.8646e-03,6.7109e-03,5.2739e-03,-1.3445e-03,-8.5442e-04,2.4592e-03,-4.1485e-03,1.6464e-03,-1.1052e-02,5.5832e-03,-5.9826e-03,3.6321e-03,-1.1917e-03,3.1692e-03,-9.9244e-04,8.2846e-03,-1.7207e-02,1.0164e-02,-1.0391e-02,1.0436e-02,-1.1183e-02,-8.2265e-03,2.5415e-02,1.7938e-03,-5.7157e-03,-1.5900e-03,3.4083e-04,1.6002e-02
4.6427e-03,-5.4407e-03,-7.7322e-04,-1.9738e-03,6.0949e-03,-6.0181e-03,-5.7496e-03,-9.1789e-03,-1.8722e-03,7.3814e-03,7.4030e-03,-1.2364e-03,7.4066e-03,5.9557e-03,7.6986e-03,3.5468e-04,2.7294e-03,1.9750e-03,-3.3354e-03,-1.9811e-03,-5.2204e-03,2.3158e-03,-4.9653e-03,-1.5400e-03,-9.4588e-04,4.9827e-03,6.8521e-04,7.5124e-03,-1.7251e-02,5.9745e-03,-1.0574e-02,7.3065e-03,-9.1901e-03,-5.9895e-03,1.6941e-02,5.2854e-03,2.3972e-04,-9.3365e-04,-2.7628e-03,1.6418e-02
1.1170e-03,-3.9475e-03,2.1902e-03,1.0868e-03,2.6124e-03,-2.3506e-03,-9.6801e-03,-5.3022e-03,1.2840e-03,8.9072e-03,5.0755e-03,3.0568e-03,7.5944e-03,3.2381e-03,9.6647e-03,4.4600e-03,6.3797e-03,2.9468e-03,6.3285e-04,-4.7618e-03,2.6616e-03,7.6627e-04,-5.5115e-03,-3.6278e-03,-1.9859e-03,6.1999e-03,4.5788e-03,5.1068e-03,-1.1518e-02,5.8535e-04,-7.8794e-03,2.2755e-03,-6.1549e-03,-5.8180e-03,9.4464e-03,4.0035e-03,7.9937e-03,-9.3592e-04,-8.6417e-03,1.0642e-02
1.1226e-03,-2.1421e-03,3.5214e-03,2.4950e-03,-2.8149e-03,4.5415e-03,-7.0249e-03,2.4611e-03,4.5824e-03,6.9487e-03,-1.0943e-03,6.5291e-03,2.6204e-04,-1.0524e-03,5.1790e-03,4.5499e-03,9.2249e-03,1.3707e-03,5.1797e-03,-4.2361e-03,6.8078e-03,1.9892e-03,-4.7544e-03,-9.1363e-04,-3.7583e-03,3.1512e-04,5.4753e-03,-1.1577e-03,-1.6853e-03,-6.2729e-03,-3.0422e-03,-5.7893e-03,2.4116e-03,-1.0065e-02,-7.9121e-04,2.4302e-04,1.4397e-02,1.0547e-03,-1.4598e-02,2.0303e-03
-4.6129e-04,-5.6499e-04,3.3866e-03,-1.7217e-03,-6.3196e-03,7.7412e-03,5.0623e-04,8.3441e-03,7.2632e-03,1.2063e-03,-2.8313e-03,6.7564e-03,-6.5050e-03,-3.2114e-03,-2.5948e-03,5.0589e-03,1.0541e-02,-2.8190e-03,3.2097e-03,-3.0210e-03,1.1259e-02,2.2239e-03,-2.8110e-03,3.7229e-03,-3.8168e-03,-9.6166e-03,3.8344e-03,-6.4653e-03,4.0857e-03,-7.3302e-03,8.1657e-03,-1.1507e-02,1.2030e-02,-1.1068e-02,-7.9184e-03,-6.4874e-04,1.8623e-02,5.4475e-03,-1.6989e-02,-6.0168e-03
-3.5447e-03,1.4698e-03,6.3777e-03,-3.0944e-03,-4.6449e-03,3.4955e-03,2.9933e-03,4.5239e-03,6.1390e-03,-5.9286e-03,-1.8835e-03,1.2035e-03,-1.0359e-02,-1.3498e-03,-7.1704e-03,5.0286e-03,7.5696e-03,-5.3127e-03,5.5310e-03,-2.2817e-03,1.3582e-02,-3.9894e-03,1.5871e-03,2.3336e-03,-1.1514e-03,-1.4156e-02,2.5015e-03,-1.0226e-02,6.7864e-03,-7.4636e-03,1.5670e-02,-1.3673e-02,1.7901e-02,-6.5672e-03,-9.2437e-03,5.0852e-04,1.7180e-02,8.5435e-03,-1.6895e-02,-8.5791e-03
-5.7606e-03,4.9884e-03,9.6230e-03,4.0595e-04,-4.5550e-03,-2.2396e-03,4.0557e-03,1.1678e-03,3.7222e-03,-7.2788e-03,-8.7127e-04,-4.0076e-03,-7.3055e-03,4.2042e-03,-7.6557e-03,3.7742e-03,3.7439e-03,-5.7174e-03,1.0819e-02,-5.3544e-03,1.0986e-02,-7.0326e-03,5.1330e-03,-2.1153e-04,-1.2460e-03,-1.4158e-02,3.4841e-03,-8.1293e-03,4.7395e-03,-3.1922e-03,1.6493e-02,-1.2646e-02,1.4691e-02,1.2064e-03,-7.4061e-03,1.3387e-03,1.2551e-02,1.1523e-02,-1.2287e-02,-3.3057e-03
-5.7313e-03,-7.9377e-04,1.1649e-02,-2.1943e-03,-1.0395e-03,-3.2289e-03,3.0336e-03,-1.0983e-03,2.7329e-03,-2.8026e-03,-2.1666e-03,-4.7603e-03,-1.8452e-03,6.9544e-03,-6.1946e-03,-8.7483e-04,-7.0360e-04,-7.3638e-03,1.2452e-02,-3.5955e-03,7.0066e-03,-4.8906e-03,3.9953e-03,-4.8344e-03,-1.4302e-03,-7.0979e-03,-2.5778e-04,8.8139e-04,-6.4998e-04,2.5627e-03,7.6665e-03,-7.2864e-03,3.1947e-03,6.5434e-03,-2.8524e-03,-1.0004e-04,2.9605e-03,1.0219e-02,-5.3617e-03,1.7732e-03
